{"network": "scaled_wide_resnet_284", "algorithm": "L1", "max_width": 284, "ips": 3.24, "macs": 137708467008.0, "params": 701698728.0, "TFLOPS": 0.45, "tstamp": 1642209956.0710485}
{"network": "scaled_wide_resnet_88", "algorithm": null, "max_width": 88, "ips": 23.42, "macs": 18682330240.0, "params": 96179464.0, "TFLOPS": 0.44, "tstamp": 1642211530.6978261}
{"network": "scaled_wide_resnet_316", "algorithm": "L1.2", "max_width": 316, "ips": 4.4, "macs": 167437420864.0, "params": 853287208.0, "TFLOPS": 0.74, "tstamp": 1642212370.506984}
